Part,Color,Quantity
10201,0,4
10247,15,2
10247,71,7
10247,72,10
10928,72,2
11090,72,2
11153,2,8
11203,72,5
11211,0,1
11211,71,7
11212,71,2
11214,72,10
11215,0,1
11215,71,4
11253,0,5
11291,71,1
11439pat0004,34,1
11458,0,1
11458,4,1
11458,72,12
11476,71,4
11477,0,4
11477,2,12
11477,15,4
11477,25,1
11477,71,12
11477,72,6
11610,0,1
12606,9999,1
12825,71,1
12825,72,3
13547,0,2
13731,2,4
14417,72,2
14719,71,2
14769,0,3
14769,72,3
15068,15,6
15068,19,2
15068,71,7
15068,72,4
15071,0,1
15100,0,2
15207,72,2
15210,72,3
15303,35,3
15303,36,11
15303,182,4
15392,72,1
15400,72,12
15403,0,1
15462,28,4
15535,72,6
15571,0,1
15571,4,1
15573,0,10
15573,15,4
15573,28,2
15573,71,8
15573,72,12
15672,15,4
15712,0,3
15712,71,5
15712,72,12
15712,320,1
18481,9999,1
18587,71,2
18588,0,2
18649,0,8
18649,71,4
18671,71,2
18671,72,5
18674,15,2
18674,72,2
18675pr0004,36,1
18675pr0005,36,1
18675pr0006,0,1
18677,71,5
18980,71,6
21518,9999,1
21527,9999,1
21529,9999,1
21699,36,1
22885,71,2
23443,71,1
2357,0,6
24122,0,1
2412b,0,22
2412b,14,3
2412b,15,9
2412b,70,3
2412b,71,12
2412b,72,34
2412b,179,13
2412b,297,3
2412b,320,5
2419,0,4
2419,71,1
2419,72,5
2420,0,17
2420,15,4
2420,28,2
2420,70,4
2420,71,12
2420,72,10
24201,71,12
24299,72,3
24307,72,3
2431,0,3
2431,2,2
2431,15,18
2431,19,2
2431,71,5
2431,72,7
2432,0,2
2432,72,3
2436,0,1
2444,4,2
2445,0,1
2445,71,1
2445,72,2
2450,0,1
2450,4,1
2450,71,6
2450,72,2
2450,320,2
2453a,72,2
2456,4,2
2456,71,14
2458,15,2
2458,71,5
2458,72,8
2460,0,2
2460,71,4
2460,72,2
2476a,28,4
2476a,71,6
2540,14,1
2540,71,4
2570,1103,1
2639,72,2
2653,0,3
2653,71,3
2654,0,16
2654,4,1
2654,47,7
2654,71,26
2654,72,3
2723,0,6
2730,0,2
2730,71,4
2780,0,135
2817,0,1
2817,4,2
2817,71,4
28341,9999,1
2877,0,7
2877,71,4
2877,72,21
2921,0,2
2921,71,2
298c02,71,7
30000,71,4
3001,0,1
3001,4,3
3001,19,11
3001,70,3
3001,72,2
3002,19,1
3002,71,12
3002,72,2
3003,4,2
3003,15,2
3003,19,2
30031,0,2
30031,72,1
3004,0,7
3004,2,9
3004,4,5
3004,15,2
3004,71,20
3004,72,4
3004,320,5
3005,40,2
3008,72,1
3009,0,2
3009,2,1
3009,71,36
3009,72,4
3010,71,22
3010,72,1
3010,378,2
30136,72,1
30162,72,1
30165,0,4
30173b,0,4
30176,2,2
3020,0,3
3020,2,4
3020,4,4
3020,15,3
3020,19,3
3020,28,2
3020,71,13
3020,72,41
3020,320,1
3021,0,2
3021,1,4
3021,2,15
3021,4,14
3021,15,1
3021,19,3
3021,25,5
3021,28,1
3021,71,54
3021,72,80
3022,0,17
3022,1,4
3022,15,3
3022,19,19
3022,70,2
3022,71,4
3022,72,28
3022,379,2
3023,0,72
3023,2,8
3023,4,11
3023,14,4
3023,15,4
3023,19,13
3023,25,7
3023,28,25
3023,33,4
3023,36,31
3023,70,10
3023,71,40
3023,72,9
30237b,72,2
3024,0,6
3024,2,14
3024,4,2
3024,19,2
3024,36,2
3024,71,12
3024,72,8
3027,71,5
3029,71,6
3029,72,1
3030,71,3
3030,72,3
30304,15,1
30304,72,1
3031,70,1
3031,71,5
3031,72,8
3032,0,2
3032,15,1
3032,71,2
3032,72,8
3033,0,1
3033,71,1
3033,72,6
3034,0,6
3034,15,5
3034,28,1
3034,71,11
3034,72,7
3035,0,1
3035,4,2
3035,15,1
3035,71,2
3035,72,7
30350b,72,1
30355,71,2
30355,320,1
30356,71,2
30356,320,1
30357,72,8
30359b,72,2
3036,72,1
30363,15,2
30363,71,4
30367c,28,1
3037,71,1
30370,71,1
30372pr0001,40,1
30372pr0007,40,1
30374,36,1
30374,41,4
30374,71,8
30375,72,2
30377,15,1
30377,71,3
30381,0,1
30383,72,4
3039,0,6
3039,2,2
3039,4,2
3039,15,2
3039,70,1
3039,71,3
3039,72,3
3039pr0002,0,3
3039pr0015,0,2
3040b,0,2
3040b,2,2
3040b,4,2
3040b,19,2
3040b,71,12
3040b,72,10
30414,0,7
30414,19,1
30414,71,4
30414,72,2
3043,0,1
30503,71,2
30503,72,20
30504,71,3
30526,71,1
30541,4,2
30553,72,4
30565,72,8
30602,4,1
30602,15,2
3062b,15,1
3062b,19,6
3062b,47,2
3062b,71,2
3062b,72,2
3065,33,1
3065,40,3
3068b,0,4
3068b,2,1
3068b,4,2
3068b,15,3
3068b,25,1
3068b,71,13
3068b,72,3
3068b,191,1
3068b,320,11
3069b,0,24
3069b,2,3
3069b,15,2
3069b,19,8
3069b,25,4
3069b,27,2
3069b,28,3
3069b,71,27
3069b,72,8
3069b,320,6
3069b,379,4
3069bpr0030,72,1
3069bpr0070,0,4
3069bpr0086,71,4
3069bpr0090,72,1
3070b,2,2
3070b,15,2
3070b,36,4
3070b,71,4
3070b,72,2
3070b,320,1
3070bpr0152,15,3
32000,0,4
32000,4,4
32000,14,4
32000,72,2
32001,71,3
32002,19,2
32002,72,2
32005a,72,2
32009,0,4
32009,71,2
32013,0,2
32018,72,2
32028,0,2
32028,28,1
32028,71,11
32028,72,5
32034,0,1
32039,71,1
32054,0,5
32054,4,14
32054,71,10
32056,71,6
32059,0,1
32062,0,4
32062,4,14
32064a,4,2
32064a,14,2
32064a,72,2
32064b,15,3
32064b,71,8
32073,14,1
32073,71,3
32123b,14,13
32124,0,4
32138,0,2
32138,71,1
32140,0,4
32140,71,4
32192,72,2
32270,0,1
32271,71,2
32291,72,2
32316,71,2
32324,71,1
32449,14,3
3245c,71,2
32523,15,1
32523,71,2
32523,72,2
32524,0,5
32524,72,1
32526,71,2
32526,72,3
32531,71,1
32532,0,4
32532,71,1
32555,0,2
32556,19,4
32557,71,2
3297,0,1
3308,71,4
33299a,71,4
33299b,0,2
3460,0,11
3460,71,15
3460,72,7
3622,70,2
3622,71,15
3623,0,13
3623,2,10
3623,15,2
3623,70,4
3623,71,22
3623,72,20
3623,379,4
3648b,72,1
3659,72,1
3660,0,1
3660,4,1
3660,15,1
3660,72,6
3665,0,3
3665,4,1
3665,71,22
3665,72,6
3666,0,4
3666,2,3
3666,15,2
3666,19,7
3666,25,2
3666,28,2
3666,71,15
3666,72,25
3666,320,6
3678b,71,17
3678b,72,2
3679,71,3
3680,0,3
3700,0,6
3700,71,19
3701,1,1
3701,4,10
3701,19,2
3701,70,2
3701,71,12
3701,72,16
3702,0,14
3702,71,4
3703,0,2
3703,71,5
3703,72,4
3705,0,2
3706,0,13
3708,0,2
3709,0,2
3709,72,2
3710,0,19
3710,4,7
3710,15,12
3710,19,2
3710,28,2
3710,71,42
3710,72,24
3710,320,1
3710,379,2
3713,4,4
3713,71,4
3738,72,3
3743,0,1
3747b,0,1
3747b,15,2
3747b,70,3
3747b,71,12
3747b,72,10
3749,19,8
3794a,272,2
3794b,15,1
3794b,71,4
3794b,72,1
3795,0,3
3795,2,3
3795,4,9
3795,15,2
3795,19,6
3795,28,2
3795,70,2
3795,71,9
3795,72,21
3795,320,1
3830,71,6
3831,71,6
3832,0,1
3832,19,3
3832,71,7
3832,72,11
3839b,0,1
3839b,72,2
3849,0,1
3894,15,2
3894,71,9
3894,72,8
3895,71,17
3899,4,1
3937,0,6
3937,15,1
3937,71,2
3938,0,1
3941,4,4
3941,57,1
3941,71,2
3957b,71,6
3958,71,8
3958,72,7
3960pr0008,47,1
4006,0,1
4032a,0,3
4032a,1,4
4032a,4,4
4032a,15,1
4032a,71,5
40378,15,1
40379,15,1
40490,0,8
4070,0,5
4070,72,2
4079b,70,6
4081b,0,1
4081b,4,2
4085c,0,2
4085c,71,2
4150,0,3
4150,15,2
4150,71,9
4150,72,1
41539,71,1
4162,0,14
4162,2,2
4162,71,13
4162,320,4
41669,4,3
41677,71,3
41677,72,7
41678,71,1
4175,72,5
41764,4,1
41765,4,1
41767,0,5
41768,0,5
41769,0,1
41769,4,4
41769,15,2
41769,71,9
41769,72,12
41770,0,1
41770,4,4
41770,15,2
41770,71,9
41770,72,12
4185,47,8
42003,0,3
42003,72,2
42022,72,2
42060pr0003,320,1
42061pr0003,320,1
4216,71,18
42445,71,2
4274,1,47
4274,71,39
4282,4,3
4282,71,3
4286,0,2
4286,2,2
4286,71,6
4286,72,8
4287b,0,4
4287b,70,2
4287b,71,4
4287b,72,6
4287c,0,2
43093,1,24
4345b,15,1
4346,15,1
43712,71,2
43713,72,2
43719,71,1
43719,72,2
43722,0,1
43722,2,1
43722,4,1
43722,15,3
43722,25,1
43722,71,5
43722,72,5
43723,0,2
43723,2,1
43723,15,3
43723,25,1
43723,71,5
43723,72,5
43857,0,2
43857,4,3
43857,71,2
44224,72,4
44225,71,4
44294,71,1
44301a,0,2
44302a,72,1
44375a,71,1
4445,71,2
4460b,71,4
44661,72,4
44728,0,13
44728,15,2
44728,19,4
44728,71,3
44728,72,6
4477,0,14
4477,72,6
4497,0,1
4510,15,8
4510,71,5
4510,72,2
4510,191,2
4519,71,10
4522,0,3
4590,72,2
4595,0,2
4599b,0,1
4599b,4,1
4599b,15,1
4697b,71,4
4733,15,1
47397,71,12
47397,72,10
47398,71,12
47398,72,10
4740,4,4
4740,15,2
4740,36,2
4740,45,4
4740,71,4
47457,297,2
47543,71,1
47543pr0006,47,1
47758,0,2
48092,71,8
48336,0,4
48336,4,5
48336,15,6
48336,71,17
48336,72,2
4865a,2,2
4865a,19,2
4865a,72,2
4865b,0,3
4865b,71,2
4871,72,2
48729b,71,1
48729b,72,2
48989,71,2
49668,191,4
50304,15,1
50304,71,1
50304,72,2
50305,15,1
50305,71,1
50305,72,2
50373,15,2
50950,0,2
50950,2,4
50950,15,4
50950,71,14
50950,320,2
50955,71,1
50956,71,1
51739,71,6
51739,72,5
51739,320,6
52031,2,1
52031,72,2
52107,0,4
52107,14,3
52501,0,1
52501,15,2
52501,72,4
53451,0,6
53451,297,2
53562,0,2
53989,0,6
54200,0,4
54200,15,5
54200,25,1
54200,34,1
54200,47,4
54200,71,8
54200,72,6
54200,143,12
54200,320,8
54383,71,22
54383,72,2
54383,320,1
54384,71,22
54384,72,2
54384,320,1
54821,143,1
55013,72,1
55978,0,2
56145,71,2
56145,297,4
56902,71,4
57899,0,2
57908,72,2
57909a,72,1
58176,35,4
58247,0,10
59349,72,1
59426,72,2
59443,4,4
59443,72,2
59900,0,4
59900,4,4
59900,15,6
59900,70,1
59900,71,12
59900,72,3
59900,297,6
60169,72,2
60176,72,2
60208,72,6
60219,0,1
60219,72,2
60470a,0,1
60470b,0,12
60470b,71,12
60474,71,2
60474,297,2
60477,71,2
60477,72,3
60478,0,18
60478,4,10
60478,15,2
60478,71,8
60478,72,38
60479,0,12
60479,71,18
60481,15,2
60483,0,5
60483,71,2
60484,0,3
60485,71,1
60849,0,2
60897,4,2
60897,72,7
6091,15,2
6091,19,2
6091,71,14
6091,320,10
6106,71,1
61072,179,2
6111,0,2
6112,71,2
6112,72,2
61184,71,15
61252,0,1
61252,15,6
61252,297,2
6126b,182,2
6134,0,2
6134,4,2
6134,71,4
61409,0,2
61409,72,8
6141,0,43
6141,15,8
6141,19,13
6141,25,5
6141,34,2
6141,35,27
6141,36,28
6141,41,2
6141,42,6
6141,47,2
6141,72,5
6141,179,45
6141,297,20
61481,0,2
61485,0,1
61485,71,1
61678,0,2
6177b,71,2
6178,71,4
61780,72,4
6179,71,2
6179,72,11
6180,71,2
6182,19,1
6190,72,2
6191,320,4
6231,71,4
6233,0,2
62360,47,1
62361,0,2
62462,15,11
62462,71,2
62462,320,2
6249,72,13
62701,179,2
62743,15,6
63864,4,2
63864,71,23
63864,72,2
63868,0,30
63868,1,8
63868,15,4
63868,71,64
63868,72,6
63965,0,6
63965,71,6
64275,25,2
64567,0,3
64567,15,1
64567,71,2
64567,80,4
64567,1103,3
64644,0,1
64712,0,3
64713,297,1
64799,4,1
64799,71,2
64867,70,2
64867,143,2
6536,0,1
6541,1,4
6558,1,30
6583,0,1
6585,0,1
6587,28,7
6589,19,3
6628,0,8
6636,0,14
6636,71,38
6636,72,5
6942,72,2
71049,9999,1
72454,72,2
73983,0,12
73983,71,2
73983,72,4
75937,0,2
76766,71,1
78c19,41,1
85080,71,8
85861,71,4
85861,297,1
85943,72,2
85970,4,4
85984,0,6
85984,2,2
85984,4,2
85984,15,6
85984,25,8
85984,71,13
85984,72,14
86208,71,1
87079,4,2
87079,71,9
87079,72,19
87079,378,1
87079pr0008,15,1
87081,0,1
87081,72,5
87083,72,9
87087,0,10
87087,72,6
87544,71,1
87552,40,1
87580,0,3
87580,71,24
87580,72,2
87609,0,1
87609,15,1
87609,71,8
87620,0,8
87620,72,4
87747,25,6
87994,0,3
87994,70,2
87994,71,2
88072,0,10
88072,4,3
88072,15,2
88072,71,3
88283,0,1
88292,0,4
88930,71,4
89650,72,1
90194,15,1
91988,71,4
91988,72,1
92013,15,2
92099,0,1
92099,72,15
92107,71,1
92107,72,1
92218,297,2
92280,0,10
92280,71,8
92280,378,2
92338,0,1
92438,71,2
92579,40,1
92582,71,3
92593,15,3
92593,71,10
92593,72,7
92690,297,1
92692,0,2
92738,0,11
92906,72,1
92946,72,2
92947,0,2
92947,71,1
92950,0,1
93058,297,2
93070pr0001,15,1
93072pr0001,72,1
93095,0,2
93095,70,2
93273,72,8
93274,71,6
93274,72,4
93606,4,3
93789,308,1
94925,71,2
95690,9999,1
96874,25,2
98100,0,4
98134,297,1
98137,297,4
98138,4,4
98138,15,2
98138,36,2
98138,182,2
98138pr0002,33,1
98138pr0010,179,1
98141,297,2
98286,71,4
98585,71,2
99206,0,1
99206,71,11
99207,0,12
99207,25,2
99207,71,10
99780,71,8
99780,72,13
99781,15,6
99781,71,2
